place,title,time,pay,date
전남 여수시,하이엠솔루텍(주),09:00~18:00,"월급2,400,000",1분전
경기 고양시,LG케어솔루션 파주운정사무소,09:00~18:00,"월급2,800,000",4분전
인천 동구,하이엠솔루텍(주),09:00~18:00,"월급2,400,000",5분전
경기 파주시,하이엠솔루텍(주),09:00~18:00,"월급2,800,000",5분전
서울 동작구,하이엠솔루텍(주),09:00~18:00,"월급2,500,000",6분전
서울 관악구,하이엠솔루텍(주),09:00~18:00,"월급2,500,000",6분전
서울 동작구,하이엠솔루텍(주),09:00~18:00,"월급2,500,000",6분전
서울 관악구,하이엠솔루텍(주),09:00~18:00,"월급2,500,000",6분전
서울 동작구,하이엠솔루텍(주),09:00~18:00,"월급2,500,000",6분전
전남 여수시,LG전자 케어솔루션 여수사무소,09:00~18:00,"월급2,400,000",7분전
경북 김천시,하이엠솔루텍(주),08:00~18:00,"월급2,400,000",17분전
서울 양천구,LG전자 케어솔루션 양천목동사무소,09:00~18:00,"월급2,400,000",27분전
부산 부산진,LG전자 케어솔루션 부산진사무소,09:00~18:00,"월급2,400,000",27분전
부산 부산진,LG전자 케어솔루션 부산진사무소,09:00~18:00,"월급2,400,000",28분전
서울 중랑구,하이엠솔루텍(주),09:00~18:00,"월급2,500,000",29분전
인천 부평구,LG전자 케어솔루션 부평사무소,09:00~18:00,"월급2,800,000",31분전
인천 부평구,LG전자 케어솔루션 부평사무소,09:00~18:00,"월급2,800,000",31분전
인천 부평구,LG전자 케어솔루션 부평사무소,09:00~18:00,"월급2,800,000",31분전
인천 부평구,LG전자 케어솔루션 부평사무소,09:00~18:00,"월급2,800,000",31분전
인천 부평구,LG전자 케어솔루션 부평사무소,09:00~18:00,"월급2,800,000",31분전
경기 고양시,하이엠솔루텍(주),09:00~18:00,"월급2,800,000",35분전
경기 김포시,하이엠솔루텍(주),09:00~18:00,"월급2,800,000",38분전
경기 파주시,LG케어솔루션 파주운정사무소,09:00~18:00,"월급2,800,000",39분전
충북 옥천군,LG전자 케어솔루션 동대전사무소,09:00~18:00,"월급2,400,000",40분전
인천 연수구,하이엠솔루텍(주),09:00~18:00,"월급2,800,000",40분전
전남 여수시,LG전자 케어솔루션 여수사무소,09:00~18:00,"월급2,400,000",40분전
충북 옥천군,LG전자 케어솔루션 동대전사무소,09:00~18:00,"월급2,400,000",40분전
충북 옥천군,LG전자 케어솔루션 동대전사무소,09:00~18:00,"월급2,400,000",41분전
인천 미추홀,하이엠솔루텍(주),09:00~18:00,"월급2,800,000",42분전
충북 옥천군,LG전자 케어솔루션 동대전사무소,09:00~18:00,"월급2,400,000",42분전
전남 여수시,하이엠솔루텍(주),09:00~18:00,"월급2,400,000",42분전
충북 옥천군,LG전자 케어솔루션 동대전사무소,09:00~18:00,"월급2,400,000",42분전
서울 강남구,LG전자 케어솔루션 대치사무소,09:00~18:00,"월급2,400,000",43분전
서울 성동구,LG전자 케어솔루션 성동사무소,09:00~18:00,"월급2,400,000",43분전
서울 서초구,LG전자 케어솔루션 대치사무소,09:00~18:00,"월급2,400,000",44분전
서울 강동구,LG전자 케어솔루션 대치사무소,09:00~18:00,"월급2,400,000",44분전
서울 송파구,LG전자 케어솔루션 대치사무소,09:00~18:00,"월급2,400,000",45분전
인천 남동구,하이엠솔루텍(주),09:00~18:00,"월급2,400,000",45분전
서울 서초구,LG전자 케어솔루션 대치사무소,09:00~18:00,"월급2,400,000",46분전
인천 남동구,하이엠솔루텍(주),09:00~18:00,"월급2,400,000",46분전
인천 남동구,하이엠솔루텍(주),09:00~18:00,"월급2,400,000",47분전
인천 남동구,하이엠솔루텍(주),09:00~18:00,"월급2,400,000",48분전
서울 강북구,LG전자 케어 솔루션 강북 사무소,시간협의,"월급2,500,000",49분전
경기 파주시,하이엠솔루텍(주),09:00~18:00,"월급2,400,000",1시간전
경기 파주시,하이엠솔루텍(주),09:00~18:00,"월급2,400,000",1시간전
인천 미추홀,하이엠솔루텍(주),09:00~18:00,"월급2,800,000",1시간전
부산 남구,하이엠솔루텍(주),09:00~18:30,"월급2,400,000",1시간전
전남 보성군,하이엠솔루텍(주),09:00~18:00,"월급2,400,000",1시간전
경기 파주시,하이엠솔루텍(주),09:00~18:00,"월급2,400,000",1시간전
경기 파주시,하이엠솔루텍(주),09:00~18:00,"월급2,400,000",1시간전
경기 파주시,하이엠솔루텍(주),09:00~18:00,"월급2,400,000",1시간전
서울 성동구,LG전자 케어솔루션 성동사무소,09:00~18:00,"월급2,400,000",1시간전
경기 용인시,LG전자 케어솔루션 수지사무소,09:00~18:00,"월급2,400,000",1시간전
서울 금천구,LG전자 케어솔루션 금천사무소,09:00~18:00,"월급2,400,000",1시간전
경기 용인시,LG전자 케어솔루션 수지사무소,09:00~18:00,"월급2,400,000",1시간전
경기 용인시,LG전자 케어솔루션 수지사무소,09:00~18:00,"월급2,400,000",1시간전
경기 파주시,LG케어솔루션 파주운정사무소,09:00~18:00,"월급2,800,000",1시간전
서울 강북구,LG전자 케어 솔루션 강북 사무소,시간협의,"월급2,500,000",2시간전
부산 연제구,LG전자 케어솔루션 동부산사무소,09:00~18:00,"월급2,400,000",2시간전
부산 수영구,LG전자 케어솔루션 동부산사무소,09:00~18:00,"월급2,400,000",2시간전
부산 수영구,LG전자 케어솔루션 동부산사무소,09:00~18:00,"월급2,400,000",2시간전
부산 연제구,LG전자 케어솔루션 동부산사무소,09:00~18:00,"월급2,400,000",2시간전
부산 수영구,LG전자 케어솔루션 동부산사무소,09:00~18:00,"월급2,400,000",2시간전
서울 성동구,LG전자 케어솔루션 성동사무소,09:00~18:00,"월급2,400,000",2시간전
인천 미추홀,하이엠솔루텍(주),09:00~18:00,"월급2,800,000",2시간전
경기 구리시,LG전자 케어솔루션 구리사무소,09:00~18:00,"월급2,400,000",2시간전
인천 미추홀,하이엠솔루텍(주),09:00~18:00,"월급2,800,000",2시간전
울산 울주군,LG전자 케어솔루션 울주사무소,09:00~18:00,"월급2,400,000",2시간전
인천 남동구,하이엠솔루텍(주),09:00~18:00,"월급2,800,000",2시간전
인천 미추홀,하이엠솔루텍(주),09:00~18:00,"월급2,800,000",2시간전
경기 부천시,하이엠솔루텍(주),09:00~18:00,"월급2,800,000",2시간전
서울 중랑구,하이엠솔루텍(주),09:00~18:00,"월급2,500,000",2시간전
서울 금천구,LG전자 케어솔루션 금천사무소,09:00~18:00,"월급2,400,000",3시간전
서울 금천구,LG전자 케어솔루션 금천사무소,09:00~18:00,"월급2,400,000",3시간전
경북 영덕군,LG전자케어솔루션 포항사무소,09:00~19:00,"월급2,400,000",3시간전
서울 도봉구,LG전자 케어솔루션 도봉사무소,09:00~18:00,"월급2,400,000",3시간전
서울 도봉구,LG전자 케어솔루션 도봉사무소,09:00~18:00,"월급2,400,000",3시간전
서울 도봉구,LG전자 케어솔루션 도봉사무소,09:00~18:00,"월급2,400,000",3시간전
서울 도봉구,LG전자 케어솔루션 도봉사무소,09:00~18:00,"월급2,400,000",3시간전
서울 은평구,하이엠솔루텍(주),09:00~18:00,"월급2,400,000",3시간전
서울 은평구,하이엠솔루텍(주),09:00~18:00,"월급2,400,000",3시간전
서울 도봉구,LG전자 케어솔루션 도봉사무소,09:00~18:00,"월급2,400,000",3시간전
충남 계룡시,하이엠솔루텍(주),09:00~18:00,"월급2,400,000",3시간전
충남 보령시,하이엠솔루텍(주),09:00~18:00,"월급2,400,000",3시간전
충남 계룡시,하이엠솔루텍(주),09:00~18:00,"월급2,400,000",3시간전
대전 서구,하이엠솔루텍(주),09:00~18:00,"월급2,400,000",3시간전
대전 서구,하이엠솔루텍(주),09:00~18:00,"월급2,400,000",3시간전
경북 안동시,LG전자 케어솔루션 안동사무소,09:00~18:00,"월급2,400,000",3시간전
경북 의성군,LG전자 케어솔루션 안동사무소,09:00~18:00,"월급2,400,000",3시간전
경북 봉화군,LG전자 케어솔루션 안동사무소,09:00~18:00,"월급2,400,000",3시간전
경기 김포시,하이엠솔루텍(주),09:00~18:00,"월급2,800,000",3시간전
광주 광산구,LG전자 케어솔루션 광주광산사무소,09:00~18:00,"월급2,400,000",3시간전
서울 양천구,LG전자 케어솔루션 양천목동사무소,09:00~18:00,"월급2,400,000",3시간전
서울 성동구,LG전자 케어솔루션 성동사무소,09:00~18:00,"월급2,400,000",3시간전
인천 남동구,LG전자 케어솔루션 인천남동사무소,09:00~18:00,"월급2,400,000",3시간전
부산 남구,하이엠솔루텍(주),09:00~18:30,"월급2,400,000",3시간전
부산 남구,하이엠솔루텍(주),09:00~18:30,"월급2,400,000",3시간전
경북 예천군,LG전자 케어솔루션 안동사무소,09:00~18:00,"월급2,400,000",3시간전
경북 영주시,LG전자 케어솔루션 안동사무소,09:00~18:00,"월급2,400,000",3시간전
경기 고양시,하이엠솔루텍(주),09:00~18:00,"월급2,800,000",3시간전
서울 은평구,하이엠솔루텍(주),09:00~18:00,"월급2,400,000",3시간전
인천 남동구,LG전자 케어솔루션 인천남동사무소,09:00~18:00,"월급2,400,000",3시간전
서울 은평구,하이엠솔루텍(주),09:00~18:00,"월급2,400,000",3시간전
서울 은평구,하이엠솔루텍(주),09:00~18:00,"월급2,400,000",3시간전
경기 파주시,LG케어솔루션 파주운정사무소,09:00~18:00,"월급2,800,000",4시간전
광주 전체,LG전자 케어솔루션 동광주사무소,09:00~18:00,"월급2,500,000",4시간전
광주 전체,LG전자 케어솔루션 동광주사무소,09:00~18:00,"월급2,500,000",4시간전
광주 전체,LG전자 케어솔루션 동광주사무소,09:00~18:00,"월급2,500,000",4시간전
전남 화순군,LG전자 케어솔루션 동광주사무소,09:00~18:00,"월급2,500,000",4시간전
광주 전체,LG전자 케어솔루션 동광주사무소,09:00~18:00,"월급2,500,000",4시간전
경기 파주시,하이엠솔루텍(주),09:00~18:00,"월급2,800,000",4시간전
전남 순천시,LG전자 케어솔루션 순천사무소,09:00~18:00,"월급2,300,000",4시간전
충북 청주시,LG전자 케어솔루션 서청주사무소,09:00~18:00,"월급2,400,000",4시간전
경기 부천시,하이엠솔루텍(주),09:00~18:00,"월급2,800,000",4시간전
인천 미추홀,하이엠솔루텍(주),09:00~18:00,"월급2,800,000",4시간전
경기 고양시,하이엠솔루텍(주),09:00~18:00,"월급2,800,000",4시간전
경기 고양시,하이엠솔루텍(주),09:00~18:00,"월급2,800,000",4시간전
경기 고양시,하이엠솔루텍(주),09:00~18:00,"월급2,800,000",4시간전
서울 전체,하이엠솔루텍(주),09:00~18:00,"월급2,800,000",4시간전
서울 성동구,LG전자 케어솔루션 성동사무소,09:00~18:00,"월급2,400,000",4시간전
경남 창원시,LG전자 케어솔루션 마산사무소,09:00~18:00,"월급2,400,000",4시간전
서울 마포구,하이엠솔루텍(주),09:00~18:00,"월급2,800,000",4시간전
경남 창원시,LG전자 케어솔루션 마산사무소,09:00~18:00,"월급2,400,000",4시간전
경남 창원시,LG전자 케어솔루션 마산사무소,09:00~18:00,"월급2,400,000",4시간전
경남 창원시,LG전자 케어솔루션 마산사무소,09:00~18:00,"월급2,400,000",4시간전
경남 창원시,LG전자 케어솔루션 마산사무소,09:00~18:00,"월급2,400,000",4시간전
경남 창원시,LG전자케어솔루션 마산사무소,09:00~18:00,"월급2,400,000",4시간전
울산 전체,LG전자 케어솔루션 울주사무소,09:00~18:00,"월급2,400,000",4시간전
경남 창원시,LG전자케어솔루션 마산사무소,09:00~18:00,"월급2,400,000",4시간전
경남 창원시,LG전자케어솔루션 마산사무소,09:00~18:00,"월급2,400,000",4시간전
경남 창원시,LG전자케어솔루션 마산사무소,09:00~18:00,"월급2,400,000",4시간전
경남 창원시,LG전자케어솔루션 마산사무소,09:00~18:00,"월급2,400,000",4시간전
울산 울주군,LG전자 케어솔루션 울주사무소,09:00~18:00,"월급2,400,000",4시간전
울산 울주군,LG전자 케어솔루션 울주사무소,09:00~18:00,"월급2,400,000",4시간전
경남 밀양시,LG전자 케어솔루션 김해내동사무소,09:00~18:00,"월급2,400,000",4시간전
경남 밀양시,LG전자 케어솔루션 김해내동사무소,09:00~18:00,"월급2,400,000",4시간전
인천 연수구,하이엠솔루텍(주),09:00~18:00,"월급2,800,000",4시간전
경기 성남시,하이엠솔루텍(주),09:00~18:00,"월급2,400,000",4시간전
경남 김해시,LG전자 케어솔루션 김해내동사무소,09:00~18:00,"월급2,400,000",5시간전
경기 고양시,하이엠솔루텍(주),09:00~18:00,"월급2,800,000",5시간전
경기 고양시,하이엠솔루텍(주),09:00~18:00,"월급2,800,000",5시간전
경남 밀양시,LG전자 케어솔루션 김해내동사무소,09:00~18:00,"월급2,400,000",5시간전
서울 성동구,하이엠솔루텍(주),09:00~18:00,"월급2,400,000",5시간전
경남 밀양시,LG전자 케어솔루션 김해내동사무소,09:00~18:00,"월급2,400,000",5시간전
서울 강남구,하이엠솔루텍(주),09:00~18:00,"월급2,400,000",5시간전
서울 동작구,하이엠솔루텍(주),09:00~18:00,"월급2,800,000",5시간전
서울 동작구,하이엠솔루텍(주),09:00~18:00,"월급2,800,000",5시간전
서울 동작구,하이엠솔루텍(주),09:00~18:00,"월급2,800,000",5시간전
서울 동작구,하이엠솔루텍(주),09:00~18:00,"월급2,800,000",5시간전
경기 구리시,LG전자 케어솔루션 구리사무소,09:00~18:00,"월급2,400,000",5시간전
서울 강북구,LG전자 케어 솔루션 강북 사무소,시간협의,"월급2,500,000",6시간전
인천 계양구,하이엠솔루텍(주),09:00~18:00,"월급2,550,000",6시간전
경남 창원시,하이엠솔루텍(주) 창원의창사무소,09:00~18:00,"월급2,400,000",8시간전
전남 무안군,LG전자 케어솔루션 목포무안사무소,09:00~18:00,"월급2,400,000",8시간전
광주 남구,하이엠솔루텍(주),09:00~18:00,"월급2,500,000",9시간전
광주 남구,하이엠솔루텍(주),09:00~18:00,"월급2,500,000",9시간전
광주 남구,하이엠솔루텍(주),09:00~18:00,"월급2,500,000",9시간전
광주 남구,하이엠솔루텍(주),09:00~18:00,"월급2,500,000",9시간전
광주 남구,하이엠솔루텍(주),09:00~18:00,"월급2,500,000",9시간전
서울 구로구,LG전자케어솔루션 구로사무소,09:00~18:00,"월급2,800,000",9시간전
서울 구로구,LG전자케어솔루션 구로사무소,09:00~18:00,"월급2,800,000",9시간전
서울 구로구,LG전자케어솔루션 구로사무소,09:00~18:00,"월급2,800,000",9시간전
서울 구로구,LG전자케어솔루션 구로사무소,09:00~18:00,"월급2,800,000",9시간전
서울 구로구,LG전자케어솔루션 구로사무소,09:00~18:00,"월급2,800,000",9시간전
경기 김포시,LG전자케어솔루션 김포장기사무소,09:00~18:00,"월급2,600,000",10시간전
인천 부평구,LG전자 케어솔루션 부평삼산사무소,09:00~18:00,"월급2,800,000",11시간전
경기 김포시,LG전자케어솔루션 김포장기사무소,09:00~18:00,"월급2,600,000",11시간전
경기 김포시,LG전자케어솔루션 김포장기사무소,09:00~18:00,"월급2,600,000",11시간전
강원 강릉시,하이엠솔루텍(주),09:00~18:00,"연봉27,000,000",12시간전
경기 김포시,LG전자케어솔루션 김포장기사무소,09:00~18:00,"월급2,600,000",12시간전
강원 속초시,하이엠솔루텍(주),09:00~18:00,"연봉27,000,000",12시간전
강원 인제군,하이엠솔루텍(주),09:00~18:00,"연봉27,000,000",12시간전
강원 양양군,하이엠솔루텍(주),09:00~18:00,"연봉27,000,000",12시간전
인천 부평구,LG전자 케어솔루션 부평삼산사무소,09:00~18:00,"월급2,800,000",12시간전
인천 부평구,LG전자 케어솔루션 부평삼산사무소,09:00~18:00,"월급2,800,000",13시간전
인천 서구,LG전자 케어솔루션 검단사무소,09:00~18:00,"월급2,800,000",13시간전
인천 서구,LG전자 케어솔루션 검단사무소,09:00~18:00,"월급2,800,000",13시간전
인천 서구,LG전자 케어솔루션 검단사무소,09:00~18:00,"월급2,800,000",13시간전
인천 서구,LG전자 케어솔루션 검단사무소,09:00~18:00,"월급2,800,000",13시간전
인천 서구,LG전자 케어솔루션 검단사무소,09:00~18:00,"월급2,800,000",13시간전
인천 부평구,LG전자 케어솔루션 부평삼산사무소,09:00~18:00,"월급2,800,000",13시간전
경북 김천시,하이엠 솔루텍,09:00~18:00,"월급2,400,000",13시간전
서울 양천구,LG전자 케어솔루션 양천목동사무소,09:00~18:00,"월급2,400,000",14시간전
경북 구미시,하이엠솔루텍(주),09:00~18:00,"월급2,400,000",14시간전
경북 구미시,하이엠솔루텍(주),09:00~18:00,"월급2,400,000",14시간전
경기 평택시,LG전자케어솔루션 송탄사무소,09:00~18:00,"월급2,400,000",14시간전
인천 서구,하이엠솔루텍(주),09:00~18:00,"월급2,400,000",14시간전
경기 평택시,LG전자케어솔루션송탄사무소,09:00~18:00,"월급2,400,000",14시간전
대구 북구,LG전자 케어솔루션 대구북구사무소,09:00~18:00,"월급2,400,000",14시간전
대구 북구,LG전자 케어솔루션 대구북구사무소,09:00~18:00,"월급2,400,000",14시간전
대구 북구,LG전자 케어솔루션 대구북구사무소,09:00~18:00,"월급2,400,000",14시간전
대구 북구,LG전자 케어솔루션 대구북구사무소,09:00~18:00,"월급2,400,000",14시간전
전남 여수시,LG전자 케어솔루션 여수사무소,09:00~18:00,"월급2,400,000",14시간전
강원 속초시,하이엠솔루텍(주),09:00~18:00,"연봉27,000,000",14시간전
대구 북구,LG전자 케어솔루션 대구북구사무소,09:00~18:00,"월급2,400,000",14시간전
인천 동구,하이엠솔루텍(주),09:00~18:00,"월급2,400,000",14시간전
전남 여수시,하이엠솔루텍(주),09:00~18:00,"월급2,400,000",14시간전
인천 동구,하이엠솔루텍(주),09:00~18:00,"월급2,400,000",14시간전
경기 성남시,하이엠솔루텍(주),09:00~18:00,"월급2,400,000",15시간전
인천 연수구,케어솔루션 연수사무소,09:00~18:00,"월급2,800,000",15시간전
서울 송파구,LG전자 케어솔루션 문정사무소,09:00~18:00,"월급2,400,000",15시간전
서울 송파구,LG전자 케어솔루션 문정사무소,09:00~18:00,"월급2,400,000",15시간전
서울 송파구,LG전자 케어솔루션 문정사무소,09:00~18:00,"월급2,400,000",15시간전
서울 송파구,LG전자 케어솔루션 문정사무소,09:00~18:00,"월급2,400,000",15시간전
서울 송파구,LG전자 케어솔루션 문정사무소,09:00~18:00,"월급2,400,000",15시간전
경기 부천시,LG전자 케어솔루션 상동사무소,09:00~18:00,"월급2,500,000",15시간전
경기 부천시,LG전자 케어솔루션 상동사무소,09:00~18:00,"월급2,500,000",15시간전
경기 부천시,LG전자 케어솔루션 상동사무소,09:00~18:00,"월급2,500,000",15시간전
경기 부천시,LG전자 케어솔루션 부천상동사무소,09:00~18:00,"월급2,500,000",15시간전
경기 부천시,LG전자 케어솔루션 부천상동사무소,09:00~18:00,"월급2,500,000",15시간전
서울 영등포,하이엠솔루텍(주),09:00~18:00,"월급2,800,000",15시간전
서울 영등포,하이엠솔루텍(주),09:00~18:00,"월급2,800,000",15시간전
경기 고양시,LG전자케어솔루션 고양사무소,09:00~18:00,"월급2,800,000",15시간전
경기 고양시,LG전자케어솔루션 고양사무소,09:00~18:00,"월급2,800,000",15시간전
경기 고양시,LG전자케어솔루션 고양사무소,09:00~18:00,"월급2,800,000",15시간전
경기 고양시,LG전자케어솔루션 고양사무소,09:00~18:00,"월급2,800,000",15시간전
경기 고양시,LG전자케어솔루션 고양사무소,09:00~18:00,"월급2,800,000",15시간전
서울 양천구,LG전자 케어솔루션 양천목동사무소,09:00~18:00,"월급2,400,000",15시간전
전북 전주시,LG전자케어솔루션 남전주사무소,09:00~18:00,"월급2,400,000",15시간전
서울 동작구,LG전자케어솔루션B2B수도권서부사무소,09:00~18:00,"월급3,000,000",15시간전
서울 동작구,LG전자케어솔루션B2B수도권서부사무소,09:00~18:00,"월급3,000,000",15시간전
서울 강서구,LG전자케어솔루션B2B수도권서부사무소,09:00~18:00,"월급3,000,000",15시간전
경기 용인시,LG전자 케어솔루션 기흥사무소,09:00~18:00,"월급2,400,000",15시간전
서울 동작구,LG전자케어솔루션B2B수도권서부사무소,09:00~18:00,"월급3,000,000",15시간전
서울 금천구,LG전자 케어솔루션 금천사무소,09:00~18:00,"월급2,400,000",15시간전
서울 관악구,LG전자케어솔루션B2B수도권서부사무소,09:00~18:00,"월급3,000,000",15시간전
서울 강동구,LG전자 케어솔루션 고덕사무소,09:30~18:00,"월급2,700,000",15시간전
서울 강동구,LG전자 케어솔루션 고덕사무소,09:30~18:00,"월급2,700,000",15시간전
서울 강동구,LG전자 케어솔루션 고덕사무소,09:30~18:00,"월급2,700,000",15시간전
서울 강동구,LG전자 케어솔루션 고덕사무소,09:30~18:00,"월급2,700,000",15시간전
서울 강동구,LG전자 케어솔루션 고덕사무소,09:30~18:00,"월급2,700,000",15시간전
서울 송파구,LG전자 케어솔루션 송파구사무소,09:00~18:00,"월급2,400,000",12/20
서울 송파구,LG전자 케어솔루션 송파구사무소,09:00~18:00,"월급2,400,000",12/20
서울 강동구,LG전자 케어솔루션 강동구사무소,09:00~18:00,"월급2,400,000",12/20
서울 송파구,LG전자 케어솔루션 송파구사무소,09:00~18:00,"월급2,400,000",12/20
서울 송파구,LG전자 케어솔루션 송파구사무소,09:00~18:00,"월급2,400,000",12/20
부산 북구,LG전자 케어솔루션 부산동래사무소,09:00~18:00,"월급2,400,000",12/20
부산 연제구,LG전자 케어솔루션 부산동래사무소,09:00~18:00,"월급2,400,000",12/20
부산 동래구,LG전자 케어솔루션 부산동래사무소,09:00~18:00,"월급2,400,000",12/20
부산 남구,LG전자 케어솔루션 부산동래사무소,09:00~18:00,"월급2,400,000",12/20
부산 수영구,LG전자 케어솔루션 부산동래사무소,09:00~18:00,"월급2,400,000",12/20
강원 춘천시,하이엠솔루텍(주),09:00~18:00,"월급2,400,000",12/20
강원 춘천시,하이엠솔루텍(주),09:00~18:00,"월급2,400,000",12/20
서울 강북구,LG전자 케어 솔루션 강북 사무소,시간협의,"월급2,500,000",12/20
대전 대덕구,하이엠솔루텍(주),09:00~18:00,"월급2,400,000",12/20
세종 전체,하이엠솔루텍(주),09:00~18:00,"월급2,400,000",12/20
대전 유성구,하이엠솔루텍(주),09:00~18:00,"월급2,400,000",12/20
대전 유성구,하이엠솔루텍(주),09:00~18:00,"월급2,400,000",12/20
대전 유성구,하이엠솔루텍(주),09:00~18:00,"월급2,400,000",12/20
강원 원주시,하이엠솔루텍(주),09:00~18:00,"월급2,400,000",12/20
대구 중구,LG전자 케어솔루션 중대구사무소,09:00~18:00,"월급2,600,000",12/20
대구 북구,LG전자 케어솔루션 중대구사무소,09:00~18:00,"월급2,600,000",12/20
대구 중구,LG전자 케어솔루션 중대구사무소,09:00~18:00,"월급2,600,000",12/20
경기 용인시,LG전자 케어솔루션 기흥사무소,09:00~18:00,"월급2,400,000",12/20
경북 경산시,LG전자 케어솔루션 동대구사무소,09:00~18:00,"월급2,400,000",12/20
경북 경산시,LG전자 케어솔루션 동대구사무소,09:00~18:00,"월급2,400,000",12/20
경북 경산시,LG전자 케어솔루션 동대구사무소,09:00~18:00,"월급2,400,000",12/20
대구 수성구,LG전자 케어솔루션 중대구사무소,09:00~18:00,"월급2,600,000",12/20
경북 경주시,LG전자 케어솔루션 경주사무소,09:00~18:00,"월급2,400,000",12/20
경북 경주시,LG전자 케어솔루션 경주사무소,09:00~18:00,"월급2,400,000",12/20
경북 경주시,LG전자 케어솔루션 경주사무소,09:00~18:00,"월급2,400,000",12/20
대구 수성구,LG전자 케어솔루션 중대구사무소,09:00~18:00,"월급2,600,000",12/20
경북 경주시,LG전자 케어솔루션 경주사무소,09:00~18:00,"월급2,400,000",12/20
경기 평택시,하이엠솔루텍(주),09:00~18:00,"월급2,400,000",12/20
경남 창원시,LG전자 케어솔루션 창원사무소,09:00~18:00,"월급2,400,000",12/20
광주 서구,LG전자 케어솔루션 서광주 사무소,09:00~18:00,"월급2,500,000",12/20
광주 서구,LG전자 케어솔루션 서광주 사무소,09:00~18:00,"월급2,500,000",12/20
광주 서구,LG전자 케어솔루션 서광주 사무소,09:00~18:00,"월급2,500,000",12/20
광주 서구,LG전자 케어솔루션 서광주 사무소,09:00~18:00,"월급2,500,000",12/20
부산 금정구,LG전자 케어솔루션 북부산사무소,09:00~18:00,"월급2,400,000",12/20
경기 안성시,하이엠솔루텍(주),09:00~18:00,"월급2,400,000",12/20
서울 노원구,LG전자 케어솔루션 상계사무소,09:00~18:00,"월급2,500,000",12/20
서울 노원구,LG전자 케어솔루션 상계사무소,09:00~18:00,"월급2,500,000",12/20
서울 양천구,LG전자 케어솔루션 양천목동사무소,09:00~18:00,"월급2,400,000",12/20
경기 안성시,하이엠솔루텍(주),09:00~18:00,"월급2,400,000",12/20
경기 안성시,하이엠솔루텍(주),09:00~18:00,"월급2,400,000",12/20
서울 광진구,하이엠솔루텍(주),09:00~18:00,"월급2,500,000",12/20
울산 북구,하이엠솔루텍(주),09:00~18:00,"월급2,400,000",12/20
울산 북구,하이엠솔루텍(주),09:00~18:00,"월급2,400,000",12/20
울산 북구,하이엠솔루텍(주),09:00~18:00,"월급2,400,000",12/20
울산 북구,하이엠솔루텍(주),09:00~18:00,"월급2,400,000",12/20
울산 동구,하이엠솔루텍(주),09:00~18:00,"월급2,400,000",12/20
광주 광산구,LG전자 케어솔루션 광주광산사무소,09:00~18:00,"월급2,400,000",12/20
경기 안성시,하이엠솔루텍(주),09:00~18:00,"월급2,400,000",12/20
충남 천안시,LG전자 케어솔루션 천안동남사무소,09:00~18:00,"월급2,400,000",12/20
충남 천안시,LG전자 케어솔루션 천안동남사무소,09:00~18:00,"월급2,400,000",12/20
충남 천안시,LG전자 케어솔루션 천안동남사무소,09:00~18:00,"월급2,400,000",12/20
충남 천안시,LG전자 케어솔루션 천안동남사무소,09:00~18:00,"월급2,400,000",12/20
충남 천안시,LG전자 케어솔루션 천안동남사무소,09:00~18:00,"월급2,400,000",12/20
전남 여수시,하이엠솔루텍(주),09:00~18:00,"월급2,400,000",12/20
전남 여수시,LG전자 케어솔루션 여수사무소,09:00~18:00,"월급2,400,000",12/20
경기 부천시,하이엠솔루텍(주),09:00~18:00,"월급2,800,000",12/20
인천 남동구,LG전자 케어솔루션 인천남동사무소,09:00~18:00,"월급2,400,000",12/19
인천 미추홀,하이엠솔루텍(주),09:00~18:00,"월급2,800,000",12/19
대구 동구,LG전자 케어솔루션 북대구사무소,09:00~19:00,"월급2,300,000",12/19
대구 동구,LG전자 케어솔루션 북대구사무소,09:00~19:00,"월급2,300,000",12/19
대구 동구,LG전자 케어솔루션 북대구사무소,09:00~19:00,"월급2,300,000",12/19
세종 전체,하이엠솔루텍(주),09:00~18:00,"월급2,400,000",12/19
경기 부천시,LG전자 케어솔루션 부천소사사무소,09:00~18:00,"월급2,800,000",12/19
인천 연수구,케어솔루션 연수사무소,09:00~18:00,"월급2,800,000",12/19
서울 관악구,하이엠솔루텍(주),09:00~19:00,"월급2,800,000",12/19
경기 부천시,LG전자 케어솔루션 부천소사사무소,09:00~18:00,"월급2,800,000",12/19
경기 시흥시,LG전자 케어솔루션 서시흥사무소,09:00~18:00,"월급2,400,000",12/19
경기 시흥시,LG전자 케어솔루션 서시흥사무소,09:00~18:00,"월급2,400,000",12/19
경기 시흥시,LG전자 케어솔루션 서시흥사무소,09:00~18:00,"월급2,400,000",12/19
경기 시흥시,LG전자 케어솔루션 서시흥사무소,09:00~18:00,"월급2,400,000",12/19
경기 시흥시,LG전자 케어솔루션 서시흥사무소,09:00~18:00,"월급2,400,000",12/19
인천 남동구,LG전자 케어솔루션 인천남동사무소,09:00~18:00,"월급2,400,000",12/19
광주 서구,LG전자 케어솔루션 서광주 사무소,09:00~18:00,"월급2,500,000",12/19
서울 관악구,하이엠솔루텍(주),09:00~19:00,"월급2,800,000",12/19
울산 울주군,LG전자 케어솔루션 울주사무소,09:00~18:00,"월급2,400,000",12/19
인천 연수구,케어솔루션 연수사무소,09:00~18:00,"월급2,800,000",12/19
부산 해운대,LG정수기 케어솔루션 해운대사무소,09:00~18:00,"월급2,300,000",12/19
경기 하남시,하이엠솔루텍(주),09:00~18:00,"월급2,400,000",12/19
경기 하남시,하이엠솔루텍(주),09:00~18:00,"월급2,400,000",12/19
경기 하남시,하이엠솔루텍(주),09:00~18:00,"월급2,400,000",12/19
경기 하남시,하이엠솔루텍(주),09:00~18:00,"월급2,400,000",12/19
경기 하남시,하이엠솔루텍(주),09:00~18:00,"월급2,400,000",12/19
경기 안양시,LG전자케어솔루션 평촌사무소,09:00~19:00,"월급2,600,000",12/19
충북 청주시,LG전자 케어솔루션 서청주사무소,09:00~18:00,"월급2,400,000",12/19
경기 부천시,LG전자 케어솔루션 부천소사사무소,09:00~18:00,"월급2,800,000",12/19
인천 계양구,하이엠솔루텍(주),09:00~18:00,"월급2,550,000",12/19
경기 성남시,하이엠솔루텍(주),09:00~18:00,"월급2,400,000",12/19
부산 해운대,LG정수기 케어솔루션 해운대사무소,09:00~18:00,"월급2,300,000",12/19
광주 광산구,LG전자 케어솔루션 광주광산사무소,09:00~18:00,"월급2,400,000",12/19
전북 전주시,하이엠솔루텍(주),09:00~18:00,"월급2,400,000",12/19
전북 전주시,하이엠솔루텍(주),09:00~18:00,"월급2,400,000",12/19
전북 전주시,하이엠솔루텍(주),09:00~18:00,"월급2,400,000",12/19
전북 전주시,하이엠솔루텍(주),09:00~18:00,"월급2,400,000",12/19
전북 전주시,하이엠솔루텍(주),09:00~18:00,"월급2,400,000",12/19
충북 청주시,LG전자 케어솔루션 남청주사무소,09:00~18:00,"월급2,200,000",12/19
충북 청주시,LG전자 케어솔루션 남청주사무소,09:00~18:00,"월급2,200,000",12/19
충북 청주시,LG전자 케어솔루션 남청주사무소,09:00~18:00,"월급2,200,000",12/19
광주 북구,하이엠솔루텍(주) 북광주사무소,09:00~18:00,"월급2,400,000",12/19
인천 연수구,LG전자 케어솔루션 연수사무소,09:00~18:00,"월급2,800,000",12/19
서울 중랑구,하이엠솔루텍(주),09:00~18:00,"월급2,500,000",12/19
전남 순천시,LG전자 케어솔루션 순천사무소,09:00~18:00,"월급2,300,000",12/19
전남 목포시,하이엠솔루텍(주),09:00~18:00,"월급2,400,000",12/19
경기 광주시,LG전자 케어솔루션 경기광주사무소,09:00~17:30,"월급2,500,000",12/19
경기 광주시,LG전자 케어솔루션 경기광주사무소,09:00~17:30,"월급2,500,000",12/19
전남 여수시,하이엠솔루텍(주),09:00~18:00,"월급2,400,000",12/19
경기 광주시,LG전자 케어솔루션 경기광주사무소,09:00~17:30,"월급2,500,000",12/19
경기 광주시,LG전자 케어솔루션 경기광주사무소,09:00~17:30,"월급2,500,000",12/19
경기 광주시,LG전자 케어솔루션 경기광주사무소,09:00~17:30,"월급2,500,000",12/19
전남 여수시,LG전자 케어솔루션 여수사무소,09:00~18:00,"월급2,400,000",12/19
서울 금천구,LG전자 케어솔루션 금천사무소,09:00~18:00,"월급2,400,000",12/19
인천 연수구,LG전자 케어솔루션 연수사무소,09:00~18:00,"월급2,800,000",12/19
충북 청주시,LG전자 케어솔루션 서청주사무소,09:00~18:00,"월급2,400,000",12/18
전국 전체,하이엠솔루텍(주),09:00~18:00,"월급2,400,000",12/18
경기 부천시,하이엠솔루텍(주),09:00~18:00,"월급2,800,000",12/18
전남 무안군,LG전자 케어솔루션 목포무안사무소,09:00~18:00,"월급2,400,000",12/18
경남 양산시,LG전자 케어솔루션 양산사무소,09:00~18:00,"월급2,400,000",12/18
서울 성동구,하이엠솔루텍(주),09:00~18:00,"월급2,400,000",12/18
경기 부천시,하이엠솔루텍(주),09:00~18:00,"월급2,800,000",12/18
경남 창원시,하이엠솔루텍(주) 창원의창사무소,09:00~18:00,"월급2,400,000",12/18
경남 양산시,LG전자 케어솔루션 양산사무소,09:00~18:00,"월급2,400,000",12/18
울산 남구,LG전자 케어솔루션 남울산사무소,09:00~18:00,"월급2,400,000",12/18
울산 남구,LG전자 케어솔루션 남울산사무소,09:00~18:00,"월급2,400,000",12/18
울산 남구,LG전자 케어솔루션 남울산사무소,09:00~18:00,"월급2,400,000",12/18
울산 남구,LG전자 케어솔루션 남울산사무소,09:00~18:00,"월급2,400,000",12/18
울산 남구,LG전자 케어솔루션 남울산사무소,09:00~18:00,"월급2,400,000",12/18
광주 광산구,LG전자 케어솔루션 광주광산사무소,09:00~18:00,"월급2,400,000",12/18
경기 안산시,LG전자케어솔루션,09:00~19:00,"월급2,400,000",12/18
경남 양산시,LG전자 케어솔루션 양산사무소,09:00~18:00,"월급2,400,000",12/18
울산 중구,하이엠솔루텍(주),09:00~18:00,"월급2,400,000",12/18
경남 양산시,LG전자 케어솔루션 양산사무소,09:00~18:00,"월급2,400,000",12/18
경기 성남시,하이엠솔루텍(주),09:00~18:00,"월급2,400,000",12/18
경남 양산시,LG전자 케어솔루션 양산사무소,09:00~18:00,"월급2,400,000",12/18
광주 광산구,LG전자 케어솔루션 광주광산사무소,09:00~18:00,"월급2,400,000",12/18
부산 해운대,LG정수기 케어솔루션 해운대사무소,09:00~18:00,"월급2,300,000",12/18
전남 광양시,LG전자케어솔루션 순천사무소,09:00~18:00,"월급2,400,000",12/18
충북 청주시,LG전자 케어솔루션 서청주사무소,09:00~18:00,"월급2,400,000",12/15
경기 성남시,하이엠솔루텍(주),09:00~18:00,"월급2,400,000",12/15
서울 관악구,하이엠솔루텍(주),09:00~19:00,"월급2,800,000",12/15
경기 성남시,하이엠솔루텍(주),09:00~18:00,"월급2,400,000",12/15
서울 관악구,하이엠솔루텍(주),09:00~19:00,"월급2,800,000",12/15
전남 장성군,LG전자케어솔루션 첨단사무소,09:00~18:00,"월급2,400,000",12/15
전남 함평군,LG전자케어솔루션 첨단사무소,09:00~18:00,"월급2,400,000",12/15
광주 광산구,LG전자케어솔루션 첨단사무소,09:00~18:00,"월급2,400,000",12/15
부산 동래구,하이엠솔루텍,09:00~18:00,"월급2,400,000",12/15
부산 동래구,하이엠솔루텍,09:00~18:00,"월급2,400,000",12/15
부산 사하구,하이엠솔루텍,09:00~18:00,"월급2,400,000",12/15
부산 사하구,하이엠솔루텍,09:00~18:00,"월급2,400,000",12/15
부산 사하구,하이엠솔루텍,09:00~18:00,"월급2,400,000",12/15
서울 성북구,LG전자 케어솔루션 성북사무소,09:00~18:00,"월급2,400,000",12/15
서울 성북구,LG전자 케어솔루션 성북사무소,09:00~18:00,"월급2,400,000",12/15
서울 성북구,LG전자 케어솔루션 성북사무소,09:00~18:00,"월급2,400,000",12/15
서울 성북구,LG전자 케어솔루션 성북사무소,09:00~18:00,"월급2,400,000",12/15
부산 동래구,하이엠솔루텍,09:00~18:00,"월급2,400,000",12/15
부산 동래구,하이엠솔루텍,09:00~18:00,"월급2,400,000",12/15
부산 동래구,하이엠솔루텍,09:00~18:00,"월급2,400,000",12/15
경남 창원시,하이엠솔루텍(주) 창원의창사무소,09:00~18:00,"월급2,400,000",12/15
전남 보성군,하이엠솔루텍(주),09:00~18:00,"월급2,400,000",12/15
서울 광진구,하이엠솔루텍(주),09:00~18:00,"월급2,500,000",12/15
부산 금정구,LG전자 케어솔루션 북부산사무소,09:00~18:00,"월급2,400,000",12/15
부산 금정구,LG전자 케어솔루션 북부산사무소,09:00~18:00,"월급2,400,000",12/15
부산 해운대,LG정수기 케어솔루션 해운대사무소,09:00~18:00,"월급2,300,000",12/15
경남 함안군,LG전자 케어솔루션 창원의창사무소,09:00~18:00,"월급2,500,000",12/14
경남 진주시,하이엠솔루텍(주),09:00~18:00,"월급2,400,000",12/14
경남 진주시,하이엠솔루텍(주),09:00~18:00,"월급2,400,000",12/14
경남 진주시,하이엠솔루텍(주),09:00~18:00,"월급2,400,000",12/14
경남 진주시,하이엠솔루텍(주),09:00~18:00,"월급2,400,000",12/14
경기 부천시,LG전자 케어솔루션 부천소사사무소,09:00~18:00,"월급2,800,000",12/14
부산 해운대,하이엠솔루텍(주),09:00~18:00,"월급2,300,000",12/14
경기 화성시,LG전자 케어 솔루션 발안 사무소,09:00~18:00,"월급2,400,000",12/14
충북 청주시,LG전자 케어솔루션 동청주사무소,09:00~18:00,"월급2,400,000",12/14
충북 청주시,LG전자 케어솔루션 동청주사무소,09:00~18:00,"월급2,400,000",12/14
충북 청주시,LG전자 케어솔루션 동청주사무소,09:00~18:00,"월급2,400,000",12/14
충북 괴산군,LG전자 케어솔루션 동청주사무소,09:00~18:00,"월급2,400,000",12/14
충북 증평군,LG전자 케어솔루션 동청주사무소,09:00~18:00,"월급2,400,000",12/14
경남 창원시,하이엠솔루텍(주) 창원의창사무소,09:00~18:00,"월급2,400,000",12/14
경남 창원시,LG전자 케어솔루션 창원의창사무소,09:00~18:00,"월급2,500,000",12/14
경남 창원시,LG전자 케어솔루션 창원의창사무소,09:00~18:00,"월급2,500,000",12/14
충북 청주시,LG전자 케어솔루션 서청주사무소,09:00~18:00,"월급2,400,000",12/13
경기 광명시,하이엠솔루텍(주)광명철산사무소,09:00~18:00,"월급2,900,000",12/13
경기 광명시,하이엠솔루텍(주)광명철산사무소,09:00~18:00,"월급2,900,000",12/13
경기 광명시,하이엠솔루텍(주)광명철산사무소,09:00~18:00,"월급2,900,000",12/13
경기 광명시,하이엠솔루텍(주)광명철산사무소,09:00~18:00,"월급2,900,000",12/13
경기 광명시,하이엠솔루텍(주)광명철산사무소,09:00~18:00,"월급2,900,000",12/13
경남 진주시,LG전자케어솔루션 서진주사무소,09:00~18:00,"월급2,400,000",12/13
경남 하동군,LG전자케어솔루션 서진주사무소,09:00~18:00,"월급2,400,000",12/13
경남 남해군,LG전자케어솔루션 서진주사무소,09:00~18:00,"월급2,400,000",12/13
경남 사천시,LG전자케어솔루션 서진주사무소,09:00~18:00,"월급2,400,000",12/13
경남 진주시,LG전자케어솔루션 서진주사무소,09:00~18:00,"월급2,400,000",12/13
전남 목포시,하이엠솔루텍(주),09:00~18:00,"월급2,400,000",12/13
서울 성북구,하이엠솔루텍(주),09:00~06:00,"월급3,000,000",12/13
서울 영등포,하이엠솔루텍(주),09:00~18:00,"월급2,800,000",12/13
서울 영등포,하이엠솔루텍(주),09:00~18:00,"월급2,800,000",12/13
서울 영등포,하이엠솔루텍(주),09:00~18:00,"월급2,800,000",12/13
전남 무안군,LG전자 케어솔루션 목포무안사무소,09:00~18:00,"월급2,400,000",12/13
경기 부천시,LG전자 케어솔루션 부천소사사무소,09:00~18:00,"월급2,800,000",12/13
울산 중구,하이엠솔루텍(주),09:00~18:00,"월급2,400,000",12/12
서울 성동구,하이엠솔루텍(주),09:00~18:00,"월급2,400,000",12/12
경기 오산시,하이엠솔루텍(주),09:00~18:00,"월급2,500,000",12/12
경북 칠곡군,LG전자 케어솔루션 동구미사무소,09:00~18:00,"월급2,400,000",12/12
경북 구미시,LG전자 케어솔루션 동구미사무소,09:00~18:00,"월급2,400,000",12/12
경북 구미시,LG전자 케어솔루션 동구미사무소,09:00~18:00,"월급2,400,000",12/12
전북 정읍시,하이엠솔루텍(주),시간협의,"월급2,500,000",12/12
대전 서구,LG전자 케어솔루션 서대전사무소,09:00~06:00,"월급2,400,000",12/12
대전 서구,LG전자 케어솔루션 서대전사무소,09:00~06:00,"월급2,400,000",12/12
대전 서구,LG전자 케어솔루션 서대전사무소,09:00~06:00,"월급2,400,000",12/12
부산 부산진,LG전자 케어솔루션 부산진사무소,09:00~18:00,"월급2,400,000",12/12
경기 안산시,LG전자케어솔루션,09:00~19:00,"월급2,400,000",12/11
경기 남양주,하이엠솔루텍(주),09:00~18:00,"월급2,300,000",12/11
경기 남양주,하이엠솔루텍(주),09:00~18:00,"월급2,300,000",12/11
경기 남양주,하이엠솔루텍(주),09:00~18:00,"월급2,300,000",12/11
경기 남양주,하이엠솔루텍(주),09:00~18:00,"월급2,300,000",12/11
경기 남양주,하이엠솔루텍(주),09:00~18:00,"월급2,300,000",12/11
서울 영등포,LG전자 케어솔루션 영등포사무소,09:00~18:00,"월급3,000,000",12/11
경남 창원시,LG전자 케어솔루션 창원의창사무소,09:00~18:00,"월급2,500,000",12/11
경남 창원시,LG전자 케어솔루션 창원의창사무소,09:00~18:00,"월급2,500,000",12/11
서울 영등포,LG전자 케어솔루션 영등포사무소,09:00~18:00,"월급3,000,000",12/11
경기 구리시,LG전자 케어솔루션 구리사무소,09:00~18:00,"월급2,400,000",12/08
서울 성동구,하이엠솔루텍(주),09:00~18:00,"월급2,400,000",12/08
전남 무안군,LG전자 케어솔루션 목포무안사무소,09:00~18:00,"월급2,400,000",12/08
서울 강서구,LG전자 케어솔루션 마곡사무소,09:00~18:00,"월급2,600,000",12/08
경남 창원시,하이엠솔루텍(주) 창원의창사무소,09:00~18:00,"월급2,400,000",12/08
대전 서구,LG전자 케어솔루션 서대전사무소,09:00~06:00,"월급2,400,000",12/08
서울 서대문,하이엠솔루텍(주),09:00~18:00,"월급2,400,000",12/08
서울 서대문,하이엠솔루텍(주),09:00~18:00,"월급2,400,000",12/08
전북 전주시,LG전자케어솔루션 남전주사무소,09:00~18:00,"월급2,400,000",12/08
전북 전주시,LG전자케어솔루션 남전주사무소,09:00~18:00,"월급2,400,000",12/08
서울 광진구,하이엠솔루텍(주),09:00~18:00,"월급2,500,000",12/07
경기 고양시,LG전자 케어솔루션 일산서구사무소,09:00~18:00,"월급2,800,000",12/07
경기 고양시,LG전자 케어솔루션 일산서구사무소,09:00~18:00,"월급2,800,000",12/07
경기 고양시,LG전자 케어솔루션 일산서구사무소,09:00~18:00,"월급2,800,000",12/07
경북 구미시,하이엠솔루텍(주),09:00~18:00,"월급2,400,000",12/07
경북 경산시,LG전자 케어솔루션 동대구사무소,09:00~18:00,"월급2,400,000",12/07
서울 노원구,하이엠솔루텍(주),09:00~18:00,"월급2,500,000",12/07
경기 고양시,LG전자 케어솔루션 일산서구사무소,09:00~18:00,"월급2,800,000",12/07
서울 서대문,하이엠솔루텍(주),09:00~18:00,"월급2,400,000",12/07
강원 강릉시,하이엠솔루텍(주),시간협의,"월급2,500,000",12/06
부산 금정구,LG전자 케어솔루션 북부산사무소,09:00~18:00,"월급2,400,000",12/06
부산 금정구,LG전자 케어솔루션 북부산사무소,09:00~18:00,"월급2,400,000",12/06
서울 성동구,하이엠솔루텍(주),09:00~18:00,"월급2,400,000",12/06
경기 오산시,엘지케어솔루션,09:00~18:00,"월급2,500,000",12/06
경기 용인시,하이엠솔루텍(주),09:00~18:00,"월급2,400,000",12/05
경기 용인시,하이엠솔루텍(주),09:00~18:00,"월급2,400,000",12/05
경북 구미시,하이엠솔루텍(주),09:00~18:00,"월급2,400,000",12/05
경북 구미시,하이엠솔루텍(주),09:00~18:00,"월급2,400,000",12/05
